{"cameraMode":{"drawMode":0,"name":"Shaded","section":"Shading Mode"},"sceneLighting":false,"audioPlay":false,"sceneViewState":{"m_AlwaysRefresh":true,"showFog":true,"showSkybox":true,"showFlares":false,"showImageEffects":true,"showParticleSystems":false,"showVisualEffectGraphs":true,"m_FxEnabled":false},"in2DMode":false,"pivot":{"x":-0.22966688871383668,"y":0.014056030660867691,"z":0.22345027327537538},"rotation":{"x":-0.1077810749411583,"y":0.6216588020324707,"z":-0.08690524846315384,"w":-0.7709660530090332},"size":0.3321102261543274,"orthographic":true}