{"cameraMode":{"drawMode":0,"name":"Shaded","section":"Shading Mode"},"sceneLighting":false,"audioPlay":false,"sceneViewState":{"m_AlwaysRefresh":true,"showFog":true,"showSkybox":true,"showFlares":false,"showImageEffects":true,"showParticleSystems":false,"showVisualEffectGraphs":true,"m_FxEnabled":false},"in2DMode":false,"pivot":{"x":-1.6941531896591187,"y":0.12129867076873779,"z":2.6256771087646486},"rotation":{"x":-0.02207447960972786,"y":0.9397649168968201,"z":-0.3354971706867218,"w":-0.06183428689837456},"size":1.0484222173690797,"orthographic":true}