{"cameraMode":{"drawMode":0,"name":"Shaded","section":"Shading Mode"},"sceneLighting":false,"audioPlay":false,"sceneViewState":{"m_AlwaysRefresh":true,"showFog":true,"showSkybox":false,"showFlares":false,"showImageEffects":true,"showParticleSystems":false,"showVisualEffectGraphs":true,"m_FxEnabled":false},"in2DMode":false,"pivot":{"x":49.13359069824219,"y":-61.337432861328128,"z":318.60333251953127},"rotation":{"x":0.1151706799864769,"y":-0.1277724951505661,"z":0.014940173365175724,"w":0.9849843382835388},"size":0.008664307184517384,"orthographic":true}