{"cameraMode":{"drawMode":0,"name":"Shaded","section":"Shading Mode"},"sceneLighting":false,"audioPlay":false,"sceneViewState":{"m_AlwaysRefresh":true,"showFog":true,"showSkybox":false,"showFlares":false,"showImageEffects":true,"showParticleSystems":false,"showVisualEffectGraphs":true,"m_FxEnabled":false},"in2DMode":false,"pivot":{"x":-0.022591903805732728,"y":-0.0458524227142334,"z":0.016931556165218355},"rotation":{"x":-0.1463547796010971,"y":0.5775260925292969,"z":-0.10617294162511826,"w":-0.7961035966873169},"size":0.1289847046136856,"orthographic":false}