{"cameraMode":{"drawMode":0,"name":"Shaded","section":"Shading Mode"},"sceneLighting":false,"audioPlay":false,"sceneViewState":{"m_AlwaysRefresh":true,"showFog":true,"showSkybox":false,"showFlares":false,"showImageEffects":true,"showParticleSystems":false,"showVisualEffectGraphs":true,"m_FxEnabled":false},"in2DMode":false,"pivot":{"x":-0.7426781058311462,"y":0.18821169435977937,"z":0.42462098598480227},"rotation":{"x":-0.25804272294044497,"y":-0.467084139585495,"z":0.14464421570301057,"w":-0.833267331123352},"size":0.1112113669514656,"orthographic":false}