{"cameraMode":{"drawMode":0,"name":"Shaded","section":"Shading Mode"},"sceneLighting":false,"audioPlay":false,"sceneViewState":{"m_AlwaysRefresh":true,"showFog":true,"showSkybox":false,"showFlares":false,"showImageEffects":true,"showParticleSystems":false,"showVisualEffectGraphs":true,"m_FxEnabled":false},"in2DMode":false,"pivot":{"x":0.09560661762952805,"y":-0.05584634840488434,"z":0.06453083455562592},"rotation":{"x":-0.2539726793766022,"y":-0.5082433223724365,"z":0.15989431738853455,"w":-0.8072383999824524},"size":0.1318487524986267,"orthographic":false}